freshBlood,hotStreak,inactive,leaguePoints,losses,rank,summonerName,tier,veteran,wins
False,False,False,0,9,IV,TheOnnomise,IRON,False,0
False,False,False,30,152,IV,headlezz2,IRON,False,80
False,False,False,64,8,IV,A Fat Baboon,IRON,False,1
False,False,False,0,65,IV,Iron Monkeý,IRON,False,19
False,False,False,0,84,IV,DrTryll,IRON,True,46
False,False,False,70,7,IV, zZMouseZz,IRON,False,1
False,False,False,0,87,IV,xoid01,IRON,True,36
False,False,False,13,102,IV,ED BENG ,IRON,True,51
False,False,False,50,108,IV,MyDadTouchedMe,IRON,True,56
False,False,False,23,87,IV,Yah Cabbage,IRON,False,26
False,False,False,30,16,IV,Zeloxin,IRON,False,2
False,False,False,0,148,IV,MAK97,IRON,True,75
False,False,False,98,121,IV,TheSupremeRJ,IRON,True,71
False,False,False,59,159,IV,GuyAssassin,IRON,True,99
False,False,False,0,122,IV,Pabie GO,IRON,True,27
False,False,False,44,146,IV,WraithDaGhost,IRON,True,111
False,False,False,97,29,IV,239583,IRON,False,5
False,False,False,0,246,IV,Ukoti,IRON,True,197
False,False,False,70,7,IV,DEMONIAI,IRON,False,1
False,False,False,43,121,IV,juanubz3,IRON,True,55
False,False,False,70,7,IV,InsaneBeam101,IRON,False,1
False,False,False,48,86,IV,kylebeausoleil,IRON,True,33
False,False,False,52,96,IV,dittotron,IRON,False,31
False,False,False,20,319,IV,   Ul II M II lU,IRON,True,195
False,False,False,64,8,IV,ArlensM,IRON,False,1
False,False,False,52,54,IV,ZeynK,IRON,False,14
False,False,False,68,152,IV,Casspurr,IRON,True,88
False,False,False,60,76,IV,pHanTomARC1,IRON,True,26
False,False,False,17,133,IV,fnordfeline,IRON,True,68
False,False,False,61,26,IV,donbigg,IRON,False,8
False,False,False,100,239,IV,TH CLOSE,IRON,True,180
False,False,False,82,131,IV,UpskillGod,IRON,True,69
False,False,False,62,16,IV,llIllIlIllIllIll,IRON,False,2
False,False,False,61,75,IV,MF 0R TR0LL,IRON,False,27
False,False,False,54,264,IV,YeRedKeyEye25,IRON,True,133
False,False,False,83,93,IV,IRON GATEKEEPERS,IRON,True,31
False,False,False,78,188,IV,Littlebunnyphu,IRON,True,123
False,False,False,48,439,IV,Meow Nyang,IRON,True,205
False,False,False,49,47,IV,GPV247,IRON,False,1
False,False,False,0,162,IV,archave,IRON,True,90
False,False,False,0,93,IV,Tohoku Kiritan,IRON,False,14
False,False,False,82,147,IV,Chronosinger,IRON,True,89
False,False,False,0,89,IV,TakeMeToTheTop,IRON,False,24
False,False,False,75,101,IV,helking111,IRON,False,42
False,False,False,60,87,IV,wPfYAnn,IRON,False,28
False,False,False,0,105,IV,FaZeFakayttv,IRON,True,42
False,False,False,100,10,IV,spinkli,IRON,False,3
False,False,False,74,157,IV,matrix14729,IRON,True,75
False,False,False,0,64,IV,dsn,IRON,False,0
False,False,False,75,47,IV,K34Y34S,IRON,False,1
False,False,False,0,63,IV,positive comment,IRON,False,12
False,False,False,72,78,IV,Oracle Hamster,IRON,False,29
False,True,False,85,150,IV,Alpha Male 2004,IRON,True,72
False,False,False,0,197,IV,God Zed,IRON,True,31
False,False,False,0,157,IV,SupremeMickey,IRON,True,97
False,False,False,0,115,IV,theycallmeamir,IRON,False,51
False,True,False,77,134,IV,Iron Maniac,IRON,True,72
False,False,False,75,52,IV,nPaula,IRON,False,2
False,False,False,34,153,IV,LoLSillyGnome,IRON,True,72
False,False,False,72,86,IV,AaronTorkil,IRON,False,34
False,False,False,67,81,IV,CammyIce,IRON,True,26
False,False,False,15,64,IV,ZipZap,IRON,True,39
False,False,False,73,53,IV,lRON IMMIGRANT,IRON,False,8
False,False,False,66,145,IV,noface,IRON,True,106
False,False,False,0,193,IV,is this taken,IRON,True,78
False,False,False,45,67,IV,Niloc Jin,IRON,True,49
False,False,False,85,15,IV,bodyshot,IRON,False,3
False,False,False,95,7,IV,SquishyGhost,IRON,False,3
False,False,False,90,159,IV,Chase to DIE,IRON,True,69
False,False,False,70,8,IV,LadyYunie,IRON,False,3
False,False,False,60,27,IV,MUNICOS,IRON,False,12
False,False,False,75,16,IV,Bump1,IRON,False,6
False,False,False,0,175,IV,Edstr0m11,IRON,True,68
False,False,False,0,9,IV,gbrenik,IRON,False,0
False,False,False,86,6,IV,Khankore,IRON,False,2
False,False,False,68,6,IV,millerlite86,IRON,False,2
False,False,False,78,10,IV,RiftKitty Nyx,IRON,False,2
False,False,False,60,215,IV,thunderburd,IRON,True,193
False,False,False,49,229,IV,Toxic Brent,IRON,True,141
False,False,False,50,24,IV,PUCK73,IRON,False,20
False,False,False,100,26,IV,zadaain,IRON,False,23
False,False,False,37,16,IV,icecold11786,IRON,False,5
False,False,False,16,30,IV,intelleganve,IRON,False,16
False,False,False,44,41,IV,spack,IRON,False,30
False,False,False,57,14,IV,iSnatchBitches,IRON,False,2
False,False,False,0,91,IV,greenhead44,IRON,True,51
False,False,False,72,44,IV,Mateo Fuego,IRON,False,19
False,False,False,70,9,IV,Malpositioning,IRON,False,2
False,False,False,27,16,IV,Aadek,IRON,False,2
False,False,False,0,46,IV,KADAMA,IRON,False,10
False,False,False,0,11,IV,DasBirney,IRON,False,0
False,False,False,70,7,IV,InducedPsychosis,IRON,False,1
False,False,False,89,10,IV,ZeeKiller,IRON,False,2
False,False,False,94,7,IV,Groedius,IRON,False,3
False,False,False,67,7,IV,Benyamien,IRON,False,1
False,False,False,61,13,IV,Reaper grim,IRON,False,2
False,False,False,27,193,IV,Bikini Funny,IRON,True,152
False,False,False,100,9,IV,koz1974,IRON,False,5
False,False,False,45,178,IV,ML1,IRON,True,116
False,False,False,98,9,IV,ShadowEli,IRON,False,2
False,False,False,71,75,IV,PsuedoDiety,IRON,False,14
False,False,False,46,126,IV,paule383,IRON,True,85
False,False,False,91,12,IV,710Space Invader,IRON,False,3
False,False,False,35,9,IV,thesunlightman,IRON,False,1
False,False,False,45,40,IV,FiddlesticksPro,IRON,False,23
True,False,False,85,7,IV,UntamedXFury,IRON,False,2
False,False,False,70,7,IV,I Miranda Kerr I,IRON,False,1
False,False,False,19,10,IV,Jalleyfish,IRON,False,2
False,False,False,61,8,IV,RankinDeath,IRON,False,1
False,False,False,70,7,IV,DrakothX,IRON,False,1
False,False,False,83,65,IV,Kawi232,IRON,True,46
False,False,False,81,11,IV,MariusTook,IRON,False,2
False,False,False,55,11,IV,HitomiUri,IRON,False,6
False,False,False,72,13,IV,deucetin,IRON,False,2
False,False,False,0,83,IV,DarrowAndromedus,IRON,True,66
False,False,False,89,9,IV,Lilstocky,IRON,False,2
False,False,False,20,101,IV,Jarmageddon,IRON,True,40
True,False,False,100,125,IV,benny9898,IRON,False,59
False,False,False,75,58,IV,Wolfhousen,IRON,False,37
False,False,False,34,41,IV,RexMex,IRON,False,31
False,False,False,40,36,IV,SrA Ortsac,IRON,False,21
False,False,False,100,27,IV,Master0fTwilight,IRON,False,3
False,False,False,78,11,IV,LocoJames,IRON,False,6
False,False,False,99,8,IV,oman9807,IRON,False,2
False,False,False,70,8,IV,Kenneth 87,IRON,False,1
False,True,False,100,78,IV,NanoClutch,IRON,True,59
False,False,False,87,34,IV,juicyjoos,IRON,False,27
False,False,False,70,7,IV,aBrownMan,IRON,False,1
False,False,False,0,14,IV,xFujiApples,IRON,False,4
False,False,False,22,52,IV,bigpimpin003,IRON,False,2
False,False,False,0,10,IV,Laughrica,IRON,False,0
False,False,False,54,168,IV,Ghandi Z,IRON,True,120
False,False,False,95,75,IV,Gatekeep,IRON,True,57
False,False,False,100,159,IV,ELMEXICANCHILE,IRON,True,135
False,False,False,0,9,IV,Bararo,IRON,False,0
False,False,False,44,35,IV,MarkusDavidicas,IRON,False,26
False,False,False,46,12,IV,XxDanNyLxX,IRON,False,3
False,False,False,20,174,IV,lordgraybane,IRON,True,112
False,False,False,88,105,IV,JE SWEE IDOT,IRON,True,78
False,False,False,61,8,IV,Nocturnal Greed,IRON,False,1
False,False,False,75,39,IV,THEDISINTEGROTOR,IRON,False,19
False,False,False,82,16,IV,Wofrick,IRON,False,4
False,False,False,70,7,IV,Magani,IRON,False,1
False,False,False,67,7,IV,Ping is 420 ms,IRON,False,1
False,False,False,0,42,IV,69stonedstud420x,IRON,False,0
False,False,False,100,13,IV,Neo Wiggin,IRON,False,11
False,False,False,80,16,IV,Dieametrik,IRON,False,8
False,False,False,50,21,IV,Valkery Draconis,IRON,False,16
False,False,False,58,9,IV,BloodDisciple,IRON,False,1
False,False,False,98,35,IV,LostMyMind,IRON,False,20
False,False,False,54,44,IV,BAKEee,IRON,False,29
False,False,False,75,31,IV,YellowBedwetter,IRON,False,21
False,False,False,84,8,IV,Vekst,IRON,False,2
False,False,False,0,35,IV,Wisemight,IRON,False,22
False,True,False,84,7,IV,Teemo Mayne,IRON,False,5
False,False,False,27,24,IV,2 Fast 2 Ferrous,IRON,False,8
False,False,False,45,9,IV,KXNG Crooked,IRON,False,1
False,False,False,0,8,IV,LeonMagnus5,IRON,False,0
False,False,False,70,9,IV,xSlowTurtleX,IRON,False,3
False,False,False,83,16,IV,battalion4289,IRON,False,9
False,False,False,84,21,IV,Sweet Okole,IRON,False,8
False,False,False,50,51,IV,Ultimate Taliban,IRON,False,30
False,False,False,0,47,IV,woodstock77,IRON,False,2
False,False,False,70,7,IV,JChem,IRON,False,1
False,False,False,68,55,IV,Penalizing,IRON,False,39
False,False,False,80,12,IV,Airihaw,IRON,False,3
False,False,False,61,7,IV,pie454,IRON,False,1
False,False,False,50,102,IV,boktar,IRON,True,81
False,False,False,90,8,IV,Slaya Umuya,IRON,False,3
False,False,False,77,8,IV,FamousMonster21,IRON,False,2
False,False,False,14,98,IV,Dekkro,IRON,False,29
False,False,False,64,14,IV,Logout at ode,IRON,False,9
False,False,False,75,76,IV,BIGSABE,IRON,True,54
False,False,False,63,24,IV,CrahnK,IRON,False,6
False,False,False,0,65,IV,karmaco,IRON,False,31
False,False,False,64,8,IV,SlashNslice,IRON,False,1
False,False,False,79,8,IV,BattletoaderJR,IRON,False,2
False,False,False,34,14,IV,DARKONE88,IRON,False,5
False,False,False,86,107,IV,Gl 0mg Gg,IRON,True,53
False,False,False,96,8,IV,Slanmaughter,IRON,False,2
False,False,False,44,28,IV,ZJSpaMM,IRON,False,17
False,False,False,0,20,IV,Ðarkdemise,IRON,False,2
False,False,False,54,14,IV,Deekor,IRON,False,2
False,False,False,66,7,IV,Nalurate,IRON,False,1
False,False,False,46,41,IV,youkn0wwh0,IRON,False,18
False,False,False,94,22,IV,Mersades,IRON,False,11
False,False,False,48,44,IV,SPEEDING 4 IRON,IRON,False,15
False,False,False,59,12,IV,You Are BBQ,IRON,False,5
True,False,False,23,11,IV,Alavran,IRON,False,1
False,False,False,0,27,IV,kimchissibal,IRON,False,1
False,False,False,35,9,IV,FOOLISHBUM,IRON,False,1
False,False,False,58,13,IV,Colonel Hannibal,IRON,False,2
False,False,False,71,56,IV,bedwetter247,IRON,False,23
False,False,False,93,9,IV,GuardianHM28,IRON,False,2
False,False,False,33,203,IV,Loli Kitten,IRON,True,51
False,False,False,63,17,IV,Ice Cream Sunde,IRON,False,4
False,False,False,70,7,IV,thomascashino,IRON,False,1
False,False,False,75,10,IV,Misterkorean,IRON,False,5
False,False,False,83,78,IV,idadar,IRON,True,64
False,False,False,64,8,IV,vidaholic,IRON,False,1
False,False,False,70,7,IV,NBzo,IRON,False,1
False,False,False,79,7,IV,Sea of Japan,IRON,False,3
False,False,False,70,7,IV,3jwa,IRON,False,1
False,False,False,83,8,IV,Tsistu,IRON,False,2
False,False,False,100,17,IV,Driedfruits,IRON,False,8
False,False,False,0,11,I,Luosù,BRONZE,False,8
False,False,False,34,4,I,Sinon21SAO,BRONZE,False,4
False,False,False,58,9,I,Karoshio,BRONZE,False,7
False,False,False,0,6,I,Eraxx,BRONZE,False,9
False,False,False,63,11,I,Elite SmrF ,BRONZE,False,10
False,False,False,17,17,I,tiddyistiddy,BRONZE,False,9
False,False,False,0,16,I,AccntWhenImDrnk,BRONZE,False,13
False,False,False,20,42,I,WizzleBear,BRONZE,False,37
False,False,False,80,44,I,HelpMe IamNoob,BRONZE,False,43
False,False,False,71,144,I,BGWolff,BRONZE,True,119
False,False,False,0,263,I,SHIKI1709,BRONZE,True,248
False,False,False,100,11,I,LavaSquiid,BRONZE,False,21
False,False,False,100,16,I,SoloTeemoOnlyPls,BRONZE,False,19
False,False,False,39,90,I,popcorn2727,BRONZE,True,69
False,False,False,52,23,I,du5hwua,BRONZE,False,21
False,False,False,14,122,I,Dooms4Day,BRONZE,True,93
False,False,False,33,47,I,Balz3,BRONZE,False,38
False,False,False,25,28,I,Rich Shoota,BRONZE,False,21
False,False,False,19,10,I,repíV,BRONZE,False,6
False,False,False,26,6,I,Stock Stang,BRONZE,False,7
False,False,False,0,16,I,im rly bored,BRONZE,False,11
False,False,False,77,14,I,MaoMaoDuck,BRONZE,False,9
False,False,False,30,20,I,Xelyia,BRONZE,False,11
False,False,False,60,20,I,DarkWolfDragon6,BRONZE,False,13
False,False,False,0,12,I,DidItMyWay,BRONZE,False,12
False,False,False,0,127,I,DXYF,BRONZE,True,109
True,False,False,36,10,I,deeznutsfuf,BRONZE,False,6
False,False,False,0,7,I,Thiccucboi69,BRONZE,False,5
False,False,False,91,224,I,nicckname,BRONZE,True,220
False,False,False,74,40,I,Ghandiren,BRONZE,False,36
False,True,False,89,37,I,spaceb6,BRONZE,False,39
False,False,False,25,28,I,dabontheyeeters,BRONZE,False,16
False,False,False,100,19,I,biboyo,BRONZE,False,15
False,False,False,59,17,I,Dekker959,BRONZE,False,10
False,False,False,45,17,I,cawsi,BRONZE,False,12
False,False,False,0,13,I,FutaPrincess,BRONZE,False,10
False,True,False,100,30,I,JaxxyStaffy,BRONZE,False,29
False,False,False,90,26,I,NastroHD,BRONZE,False,22
False,False,False,43,3,I,Aaron Bill,BRONZE,False,7
False,False,False,0,33,I,nawfsideboy,BRONZE,False,21
False,True,False,0,19,I,Gøn Zøldyck,BRONZE,False,15
False,False,False,0,78,I,LongDongler,BRONZE,False,69
False,False,False,34,8,I,RidingLawnmowerr,BRONZE,False,8
False,False,False,60,17,I,heyjes,BRONZE,False,18
False,False,False,0,80,I,xavierthegoat,BRONZE,True,58
False,False,False,0,17,I,Enderburst,BRONZE,False,6
False,False,False,68,13,I,gillwordon,BRONZE,False,11
False,False,False,0,16,I,CheerzMates  ,BRONZE,False,15
False,False,False,43,14,I,REALTlMSHADY,BRONZE,False,8
False,False,False,3,174,I,Kingdom G7,BRONZE,True,163
False,True,False,73,281,I,Gingorbroth,BRONZE,True,276
False,False,False,0,9,I,1trent,BRONZE,False,4
False,False,False,11,59,I,LoudAngryBoy,BRONZE,False,47
False,True,False,32,16,I,Ediblebleach,BRONZE,False,16
False,False,False,25,30,I,Renner01,BRONZE,False,21
False,False,False,66,10,I,Hi im Optimist,BRONZE,False,10
False,False,False,21,23,I,thiev3ss,BRONZE,False,20
False,False,False,0,7,I,gunieapigmike,BRONZE,False,4
False,False,False,30,9,I,Deducation,BRONZE,False,12
False,False,False,90,21,I,5th acc im toxic,BRONZE,False,20
False,False,False,51,11,I,McL0v1nn,BRONZE,False,10
False,False,False,0,10,I,DistrictChamps,BRONZE,False,4
False,True,False,35,5,I,yoonsiri,BRONZE,False,5
False,False,False,60,19,I,GETOUTTAMYREAR,BRONZE,False,16
False,False,False,36,24,I,Zontafer2,BRONZE,False,14
False,False,False,100,54,I,o0Ciel0o,BRONZE,True,53
False,False,False,10,98,I,Badracks,BRONZE,True,84
False,False,False,0,4,I,Ąisiteru,BRONZE,False,8
False,False,False,79,13,I,Záela,BRONZE,False,11
False,False,False,45,8,I,EdgaryG,BRONZE,False,8
False,False,False,43,21,I,trybeforeyoubuy,BRONZE,False,13
False,False,False,0,8,I,tonylwh,BRONZE,False,7
False,False,False,36,23,I,The ageof16 uzi,BRONZE,False,18
False,False,False,100,33,I,jungnam2,BRONZE,False,22
False,False,False,43,115,I,1010010010101010,BRONZE,True,128
False,False,False,80,7,I,UZzZiii,BRONZE,False,13
False,False,False,0,7,I,Aleccio,BRONZE,False,4
False,False,False,0,68,I,tCeee,BRONZE,True,52
False,False,False,2,8,I,c1de,BRONZE,False,4
False,False,False,34,4,I,BogoSort94,BRONZE,False,4
False,False,False,0,34,I,Torture Method,BRONZE,False,19
False,False,False,0,20,I,xEcstacy,BRONZE,False,11
False,True,False,60,7,I,KloseX,BRONZE,False,9
False,False,False,79,5,I,BladeCV19,BRONZE,False,8
False,False,False,42,16,I,4mbl,BRONZE,False,9
False,False,False,54,8,I,Msft Word,BRONZE,False,6
False,False,False,71,9,I,ElioTheRecluse,BRONZE,False,9
False,False,False,11,14,I,9inchdingdong,BRONZE,False,6
False,True,False,63,2,I,Kotoamatsúkami,BRONZE,False,7
False,False,False,100,18,I,Hwcstyle,BRONZE,False,20
False,False,False,67,19,I,IAmPhat25,BRONZE,False,14
False,False,False,34,29,I,mikemillan,BRONZE,False,21
False,False,False,100,16,I,HeavC,BRONZE,False,19
False,False,False,23,14,I,Bellie Bop,BRONZE,False,17
False,False,False,26,29,I,onlyforloltg,BRONZE,False,18
False,False,False,9,5,I,Mikeelele,BRONZE,False,6
False,False,False,2,7,I,NoodIesensation,BRONZE,False,4
False,False,False,27,8,I,aStanley,BRONZE,False,7
False,False,False,0,131,I,Ampush,BRONZE,True,108
False,True,False,0,7,I,LuvEP23,BRONZE,False,15
False,False,False,61,18,I,Powder God,BRONZE,False,19
False,False,False,0,209,I,astreauxx,BRONZE,True,188
False,False,False,26,15,I,FLOH FINEST,BRONZE,False,8
False,False,False,18,16,I,coolerunit,BRONZE,False,12
False,False,False,20,58,I,xmarin20,BRONZE,False,48
False,False,False,0,32,I,Bellaconic,BRONZE,False,24
False,False,False,74,40,I,HomeworkNvrDone,BRONZE,False,31
False,False,False,41,9,I,syareun,BRONZE,False,9
False,False,False,0,34,I,Zeraxi,BRONZE,False,22
False,False,False,25,12,I,ZenMastaKiddo13,BRONZE,False,7
False,False,False,39,53,I,ClearlyHated,BRONZE,True,51
False,False,False,86,68,I,GuppyXD,BRONZE,True,60
False,False,False,8,27,I,XxRuinedKingxX,BRONZE,False,16
False,False,False,13,128,I,l8tr B1tch,BRONZE,True,126
False,False,False,43,19,I,viet nam mobile ,BRONZE,False,10
False,False,False,6,46,I,DreadLogic,BRONZE,False,36
False,False,False,50,7,I,ZAZAHUITT,BRONZE,False,11
False,False,False,4,12,I,PlatyPuss09,BRONZE,False,10
False,False,False,17,18,I,mattcube64,BRONZE,False,18
False,False,False,100,29,I,marvb0t,BRONZE,False,19
False,True,False,0,65,I,Dustyn1bba,BRONZE,True,48
False,False,False,29,19,I,sealeo,BRONZE,False,15
False,False,False,60,17,I,EternalCosmos00,BRONZE,False,10
False,False,False,90,31,I,im réformed,BRONZE,False,28
False,False,False,100,7,I,BiliHaser,BRONZE,False,7
False,False,False,36,17,I,jetailletameuf,BRONZE,False,9
False,False,False,100,18,I,Yarrick Evil Eye,BRONZE,False,13
False,False,False,36,56,I,FallopianNube33,BRONZE,False,41
False,False,False,35,8,I,Ferroptosis,BRONZE,False,9
False,False,False,52,34,I,Illrunitdown,BRONZE,False,21
False,False,False,59,24,I,ArmerMorrox,BRONZE,False,34
False,False,False,3,35,I,Your Dads BF,BRONZE,False,27
False,False,False,0,8,I,ChromeGnome,BRONZE,False,7
False,False,False,77,24,I,Papa Vlad ,BRONZE,False,16
False,False,False,0,4,I,0100111001001000,BRONZE,False,6
False,False,False,25,36,I,TDaviis,BRONZE,False,28
False,False,False,94,20,I,L00NAR,BRONZE,False,14
False,False,False,16,52,I,TheGamingF,BRONZE,False,39
False,True,False,100,13,I,xAbject,BRONZE,False,11
False,False,False,100,25,I,Opioides,BRONZE,False,27
False,False,False,64,2,I,ijustwannasup,BRONZE,False,10
False,False,False,60,192,I,PoonCrusade,BRONZE,True,185
False,False,False,22,6,I,Ariescho,BRONZE,False,2
False,False,False,25,49,I,baozoubaipipig,BRONZE,False,49
False,False,False,74,10,I,kuboftw,BRONZE,False,9
False,False,False,67,41,I,PlayerKX,BRONZE,False,34
False,True,False,72,4,I,eason11111,BRONZE,False,9
False,False,False,0,5,I,big stonk,BRONZE,False,9
False,False,False,90,14,I,Oskapurt,BRONZE,False,15
False,False,False,0,150,I,Kevin Rpman,BRONZE,True,139
False,False,False,90,21,I,RoundTheory,BRONZE,False,16
False,False,False,0,18,I,Xxluo,BRONZE,False,11
False,False,False,69,54,I, DerpFresh,BRONZE,False,42
False,False,False,0,208,I,Bhaff363,BRONZE,False,176
False,False,False,100,25,I,thaeli,BRONZE,False,24
False,False,False,54,15,I,An Honorable Lad,BRONZE,False,20
False,False,False,52,9,I,dankeater,BRONZE,False,9
False,False,False,21,7,I,GodMaruSun,BRONZE,False,8
False,False,False,82,3,I,Hudsap,BRONZE,False,5
False,False,False,11,43,I,Your Soy Girl,BRONZE,False,36
False,False,False,3,55,I,ZZombzie,BRONZE,False,43
False,False,False,0,15,I,Blonde Carrot,BRONZE,False,10
False,False,False,3,9,I,Kawakill,BRONZE,False,5
False,False,False,77,19,I,PartDos,BRONZE,False,15
False,True,False,100,35,I,walrusnutz,BRONZE,False,28
False,False,False,0,62,I,JungleShrooms,BRONZE,True,60
False,False,False,34,22,I,PilateAmu,BRONZE,False,14
False,False,False,41,66,I,CryoStarVEVO,BRONZE,False,44
False,False,False,0,12,I,cdvv14,BRONZE,False,5
False,False,False,11,19,I,FearOfCrit,BRONZE,False,13
False,False,False,0,41,I,Darguun Zur,BRONZE,False,29
False,False,False,27,11,I,Shajipappan69,BRONZE,False,6
False,False,False,57,7,I,4ngrycarebear,BRONZE,False,8
False,False,False,22,34,I,BornToCarryYou,BRONZE,False,24
False,False,False,0,15,I,TYT Baba,BRONZE,False,7
False,False,False,100,32,I,Desired Kill,BRONZE,False,34
False,False,False,53,34,I,Losharas,BRONZE,False,27
False,False,False,41,29,I,CookiesandCrumbs,BRONZE,False,34
False,False,False,21,169,I,Falal,BRONZE,True,151
False,False,False,33,19,I,URTOOSKINNY,BRONZE,False,14
False,False,False,43,11,I,Redpundazzz,BRONZE,False,9
False,False,False,52,7,I,WRG JF EF,BRONZE,False,8
False,False,False,59,8,I,ƒingerƒire,BRONZE,False,10
False,False,False,71,25,I,Czaos,BRONZE,False,26
False,False,False,22,4,I,NigNul Asian,BRONZE,False,6
False,False,False,18,218,I,adrian5,BRONZE,True,209
False,False,False,68,3,I,Røse Red,BRONZE,False,5
False,False,False,81,14,I,primecamper,BRONZE,False,12
False,False,False,20,18,I,BakaSushi,BRONZE,False,12
False,False,False,0,19,I,UbiquitousDæmon,BRONZE,False,12
False,False,False,8,56,I,IamEmptyInside,BRONZE,False,38
False,False,False,0,25,I,D3a7HN073,BRONZE,False,15
False,False,False,53,4,I,CH94,BRONZE,False,9
False,False,False,34,4,I,CynicsVsDreamer,BRONZE,False,4
False,False,False,44,14,I,ethicalAngel,BRONZE,False,8
False,False,False,0,7,I,not toxic sínged,BRONZE,False,11
False,False,False,24,46,I,NubNub6969696969,BRONZE,False,44
False,False,False,54,19,I,Hookhandsam,BRONZE,False,11
False,False,False,71,18,I,DiggleDank69420,BRONZE,False,24
False,False,False,50,18,I,LiHingMuii,BRONZE,False,11
False,False,False,20,110,I,djling,BRONZE,True,98
False,True,False,0,97,I,httpspencerrr,BRONZE,True,86
False,False,False,0,44,I,lemon67,BRONZE,False,33
False,False,False,100,40,I,Doninkui,BRONZE,False,38
False,False,False,27,15,I,Colorfultedy,BRONZE,False,10
False,True,False,78,31,II,R0ses R Red,SILVER,False,39
False,False,False,56,27,II,Dxvers,SILVER,False,35
False,False,False,50,16,II,iceklays,SILVER,False,19
False,False,False,0,53,II,Ecrypto911,SILVER,False,51
False,True,False,100,210,II,Hobit102,SILVER,True,210
False,False,False,26,72,II,GOAT CARRY,SILVER,False,80
False,True,False,0,5,II,Black Placidus,SILVER,False,9
False,False,False,49,192,II,dexter0429,SILVER,True,190
False,False,False,52,66,II,Frijax,SILVER,False,68
False,False,False,0,12,II,Joblęss,SILVER,False,14
False,False,False,75,55,II,Chipj11,SILVER,False,56
False,False,False,48,145,II,spac3b01,SILVER,True,150
False,True,False,20,42,II,itmeJack,SILVER,False,47
False,False,False,54,123,II,Eater 0f Worlds,SILVER,True,119
False,True,False,0,31,II,HonyChan,SILVER,False,33
False,False,False,71,15,II,MiDaMao,SILVER,False,17
False,False,False,20,64,II,KeyboardMasher69,SILVER,True,80
False,False,False,38,183,II,Eazy97,SILVER,True,206
False,False,False,11,18,II,ItsRoki,SILVER,False,22
False,False,False,54,304,II,CLG TEEMO MP,SILVER,True,302
False,True,False,81,102,II,Armada77,SILVER,True,103
False,False,False,18,58,II,ChickenSoup306,SILVER,False,81
False,False,False,9,23,II,Giriboy18,SILVER,False,24
False,False,False,33,29,II,Brianus,SILVER,False,34
False,False,False,0,72,II,MAO NAN BEI,SILVER,False,71
False,False,False,0,24,II,zxcvjt,SILVER,False,38
False,False,False,60,44,II,Lilith03ntropy,SILVER,False,60
False,False,False,31,306,II,LolPoko7,SILVER,True,299
False,False,False,0,83,II,Flashretriever,SILVER,True,83
False,False,False,100,31,II,HUSTKAI,SILVER,False,33
False,False,False,52,12,II,Pneumonoule,SILVER,False,19
False,False,False,7,36,II,RêformedBTW,SILVER,False,34
False,False,False,43,30,II,Raphtalîa,SILVER,False,30
False,False,False,0,49,II,komododrag0,SILVER,False,53
False,True,False,0,6,II,RemiAmi69,SILVER,False,13
False,False,False,9,65,II,YELLOWSKINFL0W,SILVER,True,67
False,False,False,0,22,II,Chickens Attack,SILVER,False,20
False,False,False,0,58,II,Wa1kingm3m3,SILVER,False,66
False,False,False,0,10,II,rorkxdms,SILVER,False,13
False,True,False,18,79,II,MAGlenn,SILVER,True,76
True,False,False,69,10,II,JRC2,SILVER,False,14
False,False,False,50,98,II,Thatoneasiankid4,SILVER,False,105
False,False,False,64,42,II,I Vitali I,SILVER,False,47
False,False,False,0,226,II,Tarponking,SILVER,True,221
False,False,False,3,148,II,PawPawPingu,SILVER,True,179
False,False,False,95,149,II,ducksrnotcool,SILVER,True,173
False,False,False,50,57,II,Juliuss,SILVER,True,61
False,False,False,66,296,II,Horde,SILVER,True,295
False,False,False,5,29,II,microwavvve,SILVER,False,51
False,False,False,0,13,II,Actorbineeee,SILVER,False,15
False,False,False,33,4,II,Hé wo zhàndòu,SILVER,False,4
False,True,False,30,5,II,C9 BIue,SILVER,False,10
False,False,False,82,246,II,RaiotAreCucks,SILVER,True,229
False,False,False,17,64,II,Fat Titz,SILVER,True,55
False,False,False,20,98,II,0mints,SILVER,True,105
False,False,False,0,20,II, lEmmal,SILVER,False,23
False,False,False,77,35,II,JBEMPIRE,SILVER,False,34
False,False,False,0,40,II,HaThuy2410,SILVER,False,31
False,False,False,17,6,II,Eye of Ouzzles 2,SILVER,False,14
False,False,False,11,24,II,Decemben,SILVER,False,11
False,False,False,18,45,II,PlasmaRider1,SILVER,False,46
False,False,False,78,46,II,Fior,SILVER,False,50
False,False,False,7,17,II,Asuramashi,SILVER,False,18
False,True,False,54,148,II,MrAggin,SILVER,True,154
False,False,False,0,66,II,Gobber12,SILVER,False,62
False,False,False,4,16,II,Noh1,SILVER,False,15
False,False,False,4,15,II,McWeeWee,SILVER,False,18
False,False,False,65,118,II,VictorbNr,SILVER,True,147
False,False,False,0,33,II,IKeepYouMoistV3,SILVER,False,31
False,True,False,30,5,II,FatYeetXD,SILVER,False,11
True,False,False,0,4,II,TrumpWest2024,SILVER,False,8
False,False,False,64,90,II,KindKO,SILVER,True,85
False,False,False,2,26,II,herdadur,SILVER,False,22
False,False,False,30,35,II,troispointzero,SILVER,False,39
False,False,False,44,41,II,Pioppolo,SILVER,False,37
False,False,False,16,10,II,raylol777,SILVER,False,16
False,False,False,45,29,II,theClawwwwwwwwww,SILVER,False,45
False,False,False,19,291,II,The Trump Train,SILVER,False,300
False,False,False,38,6,II,VictoriousVi Bot,SILVER,False,5
False,True,False,0,24,II,IHATEMIDENG,SILVER,False,28
False,True,False,75,50,II,MKJKsao,SILVER,False,47
False,True,False,19,314,II,mclovinxx22,SILVER,True,299
False,False,False,13,19,II,H1de0n8us,SILVER,False,19
False,False,False,100,35,II,Skawtie,SILVER,False,34
False,False,False,0,110,II,Intoxicated4Life,SILVER,True,108
False,False,False,89,11,II,yeeeeeeeeeettt,SILVER,False,9
False,False,False,31,7,II,oTroy,SILVER,False,11
False,True,False,100,169,II,Mr Bravo,SILVER,True,171
False,False,False,12,138,II,KOREA OMEGALOL,SILVER,True,149
False,False,False,14,16,II,Admir3,SILVER,False,10
False,False,False,52,17,II,psychopomp127,SILVER,False,22
False,False,False,78,36,II,Allvre,SILVER,False,44
False,False,False,49,14,II,Åmber,SILVER,False,19
False,False,False,98,102,II,SmellMii,SILVER,True,97
False,False,False,78,7,II,Rybú,SILVER,False,17
False,False,False,66,48,II,ÁngęŁ,SILVER,False,53
False,False,False,5,49,II,SpeedrunStrats,SILVER,False,49
False,False,False,75,7,II,IwantYouNaked,SILVER,False,15
False,False,False,31,127,II,JS707,SILVER,True,124
False,False,False,0,142,II,skekanator,SILVER,True,134
False,False,False,100,18,II,polillathemen,SILVER,False,24
False,False,False,78,32,II,Kiyoomi,SILVER,False,35
False,False,False,81,141,II,Ciddreamzzz,SILVER,True,130
False,False,False,51,31,II,subzhumans,SILVER,False,27
False,False,False,0,64,II,Łimited,SILVER,False,68
False,False,False,0,15,II,Warwolve LF,SILVER,False,4
False,False,False,55,289,II,Ririko,SILVER,False,254
False,False,False,0,66,II,DogaLetal,SILVER,False,86
False,False,False,63,11,II,DoNotBlamePlz,SILVER,False,15
False,False,False,0,27,II,Absolute Únit,SILVER,False,27
False,False,False,0,14,II,loli doki dokis ,SILVER,False,18
False,False,False,0,3,II,DianXin10086,SILVER,False,9
False,False,False,56,163,II,LoEv860,SILVER,True,166
False,False,False,76,29,II,Heliday,SILVER,False,36
False,False,False,0,7,II,jutinnnnn,SILVER,False,12
False,False,False,22,66,II,L9    6 1  151 P,SILVER,True,54
False,True,False,0,10,II,vesperace,SILVER,False,21
False,False,False,55,145,II,TopKiller Choi,SILVER,True,140
False,False,False,56,269,II,WITH NO EFFORT,SILVER,True,249
False,False,False,99,374,II,hard to name1,SILVER,True,374
False,False,False,80,52,II,Peptic Ulcers,SILVER,False,58
False,False,False,73,9,II,Arìadne,SILVER,False,8
False,False,False,11,17,II,StephenDong666,SILVER,False,18
False,False,False,57,9,II,Phineas Sis Name,SILVER,False,13
False,False,False,13,25,II,MC Zedster,SILVER,False,24
False,False,False,0,51,II,hantakuri,SILVER,False,44
False,False,False,19,49,II,Ghoulith,SILVER,False,45
False,False,False,0,49,II,XyungbreadstickX,SILVER,False,48
False,False,False,100,18,II,Ryüne,SILVER,False,25
False,False,False,86,9,II,Ecchi Pancakes,SILVER,False,16
False,False,False,6,30,II,Macchiato Mori,SILVER,False,30
False,False,False,100,359,II,EdMasterPvP,SILVER,True,327
True,False,False,0,3,II,Pilot 00,SILVER,False,9
True,False,False,0,3,II,YoungTonnny,SILVER,False,8
False,False,False,3,34,II,Green0,SILVER,False,40
False,True,False,36,100,II,PPSlayer08,SILVER,True,100
False,False,False,70,121,II,DrNarcis,SILVER,True,122
False,False,False,51,85,II,DZBLACK,SILVER,True,87
False,True,False,34,98,II,HistoriaLenz,SILVER,True,127
False,False,False,0,22,II,Storm Phoenix VV,SILVER,False,10
False,False,False,0,5,II,NingyiSu,SILVER,False,13
False,False,False,69,104,II,Æthër,SILVER,True,92
False,False,False,34,105,II,Kvngxx,SILVER,True,103
True,False,False,0,27,II,MrPerfect2,SILVER,False,37
False,False,False,0,14,II,HmoobXyooj03,SILVER,False,14
False,False,False,87,5,II,Wronged,SILVER,False,25
False,False,False,19,47,II,BesscEoWd,SILVER,False,43
False,False,False,0,156,II,RoadToRuin,SILVER,True,147
False,False,False,0,83,II,ElPocky,SILVER,True,78
False,False,False,34,22,II,iCy JLamow,SILVER,False,16
False,False,False,29,22,II,RubBoi,SILVER,False,27
False,False,False,100,44,II,BoubouYoYo,SILVER,False,46
False,False,False,73,46,II,vSaya Sing,SILVER,False,48
False,False,False,58,96,II,chendakeai,SILVER,False,96
False,False,False,17,142,II,sona is my waifu,SILVER,False,152
False,False,False,0,98,II,STiffBoy13,SILVER,True,89
False,True,False,0,88,II,Selles de bain,SILVER,True,77
True,False,False,55,17,II,1hit those,SILVER,False,15
False,True,False,59,23,II,PANDAHUGH,SILVER,False,26
False,False,False,60,31,II,tbhayeon,SILVER,False,33
False,False,False,0,82,II,Alelephant,SILVER,True,75
False,True,False,100,9,II,Eugenius8,SILVER,False,21
False,False,False,0,7,II,Ÿitard,SILVER,False,15
True,False,False,5,8,II,Rise  PP,SILVER,False,11
False,False,False,75,255,II,MetallicGray,SILVER,True,253
False,False,False,41,160,II,Eldelaguacate,SILVER,True,145
False,False,False,56,112,II,zhenglyu,SILVER,True,112
False,False,False,21,46,II,NPCForPresident,SILVER,False,62
False,False,False,12,43,II,CallMeKostic,SILVER,False,39
False,True,False,95,33,II,Lux The Goddess,SILVER,False,36
False,True,False,77,79,II,ProvoloneMalone,SILVER,True,74
False,False,False,0,13,II,HiraethReaper,SILVER,False,13
False,False,False,0,42,II,Simlord,SILVER,False,52
False,False,False,53,42,II,SMACKER,SILVER,False,38
False,False,False,54,29,II,MyPsychoParadise,SILVER,False,39
False,False,False,20,3,II,Quatty1,SILVER,False,9
False,False,False,37,32,II,irailu,SILVER,False,37
False,False,False,3,63,II,daddykimchee ,SILVER,False,57
False,False,False,70,49,II,hulahoop,SILVER,True,58
False,False,False,44,36,II,DestructivPlayz,SILVER,False,36
False,False,False,60,76,II,purple ranged,SILVER,False,72
False,False,False,6,16,II,NYUDropout,SILVER,False,20
False,False,False,86,72,II,MizZzer,SILVER,False,71
False,False,False,42,61,II,KenGarde,SILVER,False,61
False,False,False,75,45,II,MixHT,SILVER,False,43
False,False,False,0,3,II,Penîs,SILVER,False,9
False,False,False,0,5,II,dUfRose,SILVER,False,11
False,True,False,0,12,II,BUGaryJin,SILVER,False,16
False,False,False,0,39,II,JRoundy,SILVER,False,42
False,False,False,21,82,II,MediocrityExpert,SILVER,False,99
False,False,False,0,21,II,Pinoy Elites,SILVER,False,13
False,False,False,33,64,II,MoMoForLife,SILVER,False,75
False,False,False,1,195,II,NapmasterFlex,SILVER,True,199
False,False,False,32,12,II,Fast3rThanL1ght,SILVER,False,16
False,False,False,62,73,II,Magmarth,SILVER,False,74
False,False,False,46,4,II,bFcFlorence,SILVER,False,9
False,False,False,0,8,II,595994,SILVER,False,13
False,False,False,0,33,II,ßitch,SILVER,False,24
False,False,False,100,21,II,AstrophileTM0,SILVER,False,23
False,True,False,34,1,II,Brutustus,SILVER,False,9
False,False,False,75,123,II,luxxers,SILVER,False,129
False,False,False,49,21,II,wjdwldyd,SILVER,False,21
False,False,False,3,59,II,GettBigBrained,SILVER,False,53
False,False,False,42,78,II,yunnsoo,SILVER,True,69
False,False,False,27,19,II,Prototype 5280,SILVER,False,17
False,False,False,0,74,IV,Samuroid,GOLD,False,75
False,False,False,22,47,IV,Aeternalx,GOLD,False,36
False,False,False,12,184,IV,0ne Final Breath,GOLD,False,190
True,False,False,19,220,IV,TendiesRdoom,GOLD,False,222
False,False,False,75,97,IV,pipidextrate,GOLD,False,116
False,False,False,0,128,IV,Greninją,GOLD,False,124
True,True,False,100,12,IV,Chogath Jungle,GOLD,False,24
False,False,False,16,260,IV, Elegant Clown,GOLD,True,242
False,False,False,8,130,IV,TLG Recovery,GOLD,False,128
False,False,False,49,18,IV,TheChugJugFugBoi,GOLD,False,28
False,False,False,30,31,IV,TheEndOnFire,GOLD,False,40
False,False,False,30,73,IV,ßåek,GOLD,False,76
False,False,False,0,405,IV,RoyalWarrior,GOLD,True,396
False,False,False,39,83,IV,9PB Rixuous,GOLD,False,89
False,False,False,65,54,IV,Scott127,GOLD,False,52
True,False,False,0,280,IV,Hsu Hao Vq,GOLD,False,276
False,False,False,100,203,IV,Yandere Gf,GOLD,True,184
False,False,False,0,44,IV,RiperoniJabroni,GOLD,False,46
False,False,False,21,43,IV,LordreidXx,GOLD,False,34
False,True,False,86,125,IV,iHAVEaTWITCHACCT,GOLD,True,127
False,False,False,70,115,IV,WRathl33t,GOLD,True,112
False,False,False,68,14,IV,AxissNA,GOLD,False,30
False,False,False,0,48,IV,zendeptrai98,GOLD,False,60
False,False,False,58,32,IV,bengal cat,GOLD,False,43
False,False,False,5,108,IV,jozefin,GOLD,False,111
False,False,False,58,72,IV,lil beefster,GOLD,False,65
False,False,False,24,89,IV,Thantral,GOLD,False,107
False,False,False,31,181,IV,LoopGodEason,GOLD,True,184
False,False,False,65,24,IV,CoronaExt,GOLD,False,34
False,False,False,0,97,IV,Anaestheticc,GOLD,True,128
False,False,False,21,68,IV,Refug3,GOLD,False,76
False,False,False,51,209,IV,YoungBriddd,GOLD,True,198
False,False,False,97,19,IV,Tragically Fit,GOLD,False,33
False,False,False,21,16,IV,Int 4 Crab,GOLD,False,28
False,False,False,68,51,IV,White FF Open,GOLD,False,63
False,False,False,14,116,IV,xLoowz,GOLD,False,122
False,True,False,0,78,IV,MrN3KO,GOLD,False,99
False,True,False,80,47,IV,WangMasterJihad,GOLD,False,60
False,False,False,3,225,IV,Landlordz,GOLD,False,233
False,False,False,0,365,IV,Shudddder,GOLD,False,346
False,False,False,0,105,IV,Salvatore Conte,GOLD,False,97
False,True,False,100,43,IV,iıı,GOLD,False,52
False,False,False,0,276,IV,Boi Ruuuu,GOLD,True,273
False,False,False,5,57,IV,PoisonPeter,GOLD,False,39
False,False,False,93,87,IV,mexycutioner1,GOLD,False,86
False,False,False,32,119,IV,Galyck,GOLD,False,116
False,False,False,47,89,IV,Qoridye,GOLD,False,91
False,False,False,0,251,IV,Nick Twa ,GOLD,False,245
False,False,False,42,101,IV,Huya Ayaze,GOLD,False,73
False,False,False,0,49,IV,soradaisukidesi,GOLD,False,46
False,False,False,0,65,IV,temnoplayer69,GOLD,False,80
False,False,False,0,242,IV,I am failure,GOLD,True,246
False,False,False,0,118,IV,LPL RNG champion,GOLD,False,120
False,False,False,58,312,IV,Ziood,GOLD,True,302
False,True,False,57,72,IV,C0NAN Edogawa,GOLD,False,63
False,True,False,0,11,IV,SPORTSPRO,GOLD,False,30
False,False,False,0,251,IV,GONGGONQICHE,GOLD,True,267
False,False,False,0,54,IV,ê chani,GOLD,False,49
False,False,False,33,86,IV,QQ CHAO,GOLD,True,67
False,False,False,0,50,IV,Ifartdics,GOLD,False,37
False,False,False,22,113,IV,vanatorulfinal,GOLD,True,111
False,False,False,19,129,IV,FINALTHOTSLAYER,GOLD,False,145
False,False,False,51,192,IV,NightmaresRfun,GOLD,True,194
False,False,False,57,354,IV,lSidenl,GOLD,True,340
False,False,False,0,36,IV,OH DOGJ,GOLD,False,35
False,False,False,37,57,IV,Oh Jeez Here IGo,GOLD,False,64
False,True,False,66,74,IV,lwz2cgr,GOLD,False,78
False,False,False,82,139,IV,KINKYKINKU,GOLD,False,159
False,False,False,0,15,IV,ahsyd,GOLD,False,16
False,False,False,26,278,IV,JaxIsBroken253,GOLD,True,285
False,False,False,0,181,IV,Syntriix,GOLD,False,188
False,False,False,54,92,IV,JaxxOfAllTrades,GOLD,False,126
False,False,False,88,182,IV,Hide on bushØ,GOLD,False,198
False,False,False,0,34,IV,comedyclause,GOLD,False,41
False,False,False,14,78,IV,no º,GOLD,False,80
False,False,False,0,327,IV,TrashLove,GOLD,False,341
False,False,False,100,7,IV,swell play,GOLD,False,9
False,False,False,54,26,IV,Eimendir,GOLD,False,33
False,False,False,8,118,IV,spot12,GOLD,False,118
True,False,False,9,60,IV,GodGaveUpOnMe,GOLD,False,60
False,False,False,28,239,IV,OmgIamverysorry,GOLD,True,229
False,False,False,49,46,IV,K1llritoemployes,GOLD,False,56
False,True,False,69,286,IV,Dworteezy,GOLD,True,282
False,False,False,100,37,IV,phong Q toan hut,GOLD,False,46
False,False,False,41,106,IV,Yassuo3,GOLD,False,102
False,False,False,0,116,IV,Yigemaobing,GOLD,False,101
False,False,False,28,79,IV,Tendermelt,GOLD,False,77
False,True,False,0,95,IV,MonkęyDLuffy,GOLD,False,101
False,False,False,60,7,IV,101498,GOLD,False,18
False,False,False,0,110,IV,EHS dabnae,GOLD,False,113
False,False,False,22,111,IV,íShâcó,GOLD,False,102
False,False,False,100,340,IV,TheeSamwise,GOLD,True,367
False,False,False,14,62,IV,marrieletsgo,GOLD,False,54
False,False,False,59,163,IV,IamPlayingDOTA2,GOLD,False,176
True,False,False,0,39,IV,NudistOnStrikeXD,GOLD,False,45
False,False,False,61,48,IV,KangKuma,GOLD,False,59
False,False,False,0,32,IV,huadaojiang,GOLD,False,60
False,False,False,68,317,IV,SKT Fakerrr,GOLD,True,327
False,True,False,59,150,IV,doodoo1234567890,GOLD,False,161
False,False,False,35,70,IV,RyudoShenlong,GOLD,True,84
False,False,False,74,89,IV,Terrificable,GOLD,False,97
False,False,False,0,211,IV,misleadinggraph,GOLD,False,204
False,False,False,0,70,IV,5megma,GOLD,False,72
False,False,False,0,99,IV,canadauuzi,GOLD,False,93
False,False,False,0,154,IV,TheKillerKetchup,GOLD,False,170
False,False,False,59,108,IV,LOLSJM,GOLD,False,103
True,False,False,40,95,IV,jiaojiejie,GOLD,False,94
False,True,False,81,90,IV,SLC Cali,GOLD,False,99
False,False,False,6,110,IV,TÄX,GOLD,True,101
False,False,False,0,3,IV,Y0UR FAMlLY,GOLD,False,6
False,False,False,100,118,IV,Katwang,GOLD,False,145
False,False,False,81,69,IV,INDOMINOUS RAT,GOLD,False,83
True,True,False,0,39,IV,Unified Will,GOLD,False,47
False,False,False,58,28,IV,Normal Winter,GOLD,False,25
False,True,False,47,55,IV,ƒkthisgame,GOLD,False,52
False,True,False,22,73,IV,Ilkokoro,GOLD,False,86
False,False,False,60,15,IV,hi im a raccoon,GOLD,False,16
False,False,False,97,35,IV,Emergency Medic,GOLD,False,38
False,False,False,41,96,IV,hyp3rba11,GOLD,False,108
False,False,False,0,116,IV,Litteo,GOLD,True,105
False,False,False,58,228,IV,Venji,GOLD,True,238
False,False,False,22,54,IV,SS20Twdadc,GOLD,False,55
False,False,False,0,34,IV,ZorbakS,GOLD,False,26
True,False,False,0,418,IV,Arcueid114,GOLD,False,409
False,False,False,33,101,IV,Pervertor,GOLD,False,108
False,False,False,12,193,IV,FlyingSquid46,GOLD,False,223
False,False,False,62,247,IV,SaiinTz32,GOLD,False,247
False,False,False,31,10,IV,DWB1031,GOLD,False,21
False,False,False,0,10,IV,Lvl21 Skeleton,GOLD,False,18
False,False,False,0,111,IV,W0NDERMENT,GOLD,False,109
False,False,False,53,144,IV,PoisedLynx,GOLD,False,149
False,False,False,44,10,IV,MoshPug,GOLD,False,21
False,False,False,66,88,IV,Thresh Boy,GOLD,False,90
False,False,False,43,73,IV,Lissýndra,GOLD,False,76
False,False,False,0,58,IV,Hook Predictor,GOLD,False,55
False,False,False,69,167,IV,Large Xan ,GOLD,True,183
False,False,False,40,79,IV,Atlahua,GOLD,False,87
False,False,False,24,47,IV,LoLonMac555,GOLD,False,66
False,False,False,52,5,IV,Mômoku no sô,GOLD,False,3
False,False,False,0,159,IV,Tao La TaiHeo,GOLD,False,161
False,False,False,18,12,IV,TVChickenDinner,GOLD,False,6
False,False,False,78,106,IV,Pyke Tyson,GOLD,False,106
False,False,False,19,298,IV,GH0STED,GOLD,True,288
False,False,False,25,417,IV,the last brother,GOLD,True,405
False,False,False,43,300,IV,Tomahawkillers,GOLD,True,299
False,False,False,70,58,IV,tarantula4,GOLD,False,66
False,False,False,23,93,IV,Reformed XI ,GOLD,False,99
False,False,False,78,10,IV,LeaCrossCode,GOLD,False,22
False,False,False,62,32,IV,ClownFears,GOLD,False,43
True,False,False,39,176,IV,crosseyedbilly,GOLD,False,182
False,True,False,68,5,IV,Magical Crayon,GOLD,False,20
False,False,False,14,57,IV,Cutest Suppport,GOLD,False,55
False,False,False,60,254,IV,i hate ningens,GOLD,True,254
False,False,False,19,6,IV,Maplestory II,GOLD,False,17
False,False,False,100,46,IV,1scoobydoo,GOLD,False,63
False,False,False,52,121,IV,Sir Thanos,GOLD,True,118
False,False,False,90,275,IV,bestcaiji,GOLD,True,274
False,False,False,11,139,IV,NA Ømegalul,GOLD,False,151
False,False,False,0,8,IV,Iron VIII,GOLD,False,26
False,False,False,71,80,IV,The Point 00 Six,GOLD,True,106
False,False,False,81,71,IV,Aler,GOLD,False,81
False,False,False,0,4,IV,Got Your Soul,GOLD,False,18
True,True,False,0,87,IV,NoDano,GOLD,False,113
True,False,False,34,54,IV,Xeno Epsilon,GOLD,False,65
False,False,False,75,117,IV,MOMO2333,GOLD,True,109
False,True,False,66,234,IV,xtremebakugon,GOLD,False,251
False,False,False,33,9,IV,The Blue Line,GOLD,False,8
False,False,False,29,238,IV,KhoaThanh,GOLD,True,260
False,True,False,100,50,IV,ThanonVehicle,GOLD,False,56
False,False,False,36,187,IV,MasterKaiKai,GOLD,True,190
False,False,False,0,334,IV,Tinderpremium,GOLD,True,342
True,False,False,13,172,IV,RoePhiTheta,GOLD,False,172
False,False,False,52,64,IV,ShnekerPC,GOLD,False,75
False,False,False,19,50,IV,521ying,GOLD,False,54
False,False,False,0,100,IV,gijoe26,GOLD,False,83
False,False,False,66,12,IV,iboyIGGERS,GOLD,False,20
True,False,False,0,141,IV,MissFortune3,GOLD,False,144
False,False,False,29,168,IV,CAllMEKiKiy,GOLD,True,165
False,False,False,49,25,IV,lonelygambler,GOLD,False,36
False,False,False,68,66,IV,Telos,GOLD,False,81
False,False,False,0,11,IV,qUBarlow,GOLD,False,17
False,False,False,0,8,IV,Legendary Yasuo,GOLD,False,26
False,False,False,0,75,IV, hot l box,GOLD,False,78
False,False,False,31,97,IV,ChadLulu,GOLD,False,94
False,False,False,33,33,IV,Enter Key Gone,GOLD,False,56
False,False,False,20,70,IV,Desired Colourz,GOLD,False,81
False,False,False,44,60,IV,1232763972132317,GOLD,False,61
False,False,False,55,49,IV,Mexicano Racist,GOLD,False,54
False,False,False,0,48,IV,Lil Runal,GOLD,False,51
False,False,False,0,43,IV,xNeltharionx,GOLD,False,69
False,True,False,86,36,IV,Pat Back Mook,GOLD,False,41
False,False,False,0,468,IV,AthrunLuv,GOLD,True,490
True,False,False,24,99,IV,Chugga Dong,GOLD,False,106
False,False,False,14,44,IV,Fucjmylife,GOLD,False,65
True,False,False,37,142,IV,FinalGeoduck656,GOLD,False,159
False,False,False,30,17,IV,The 21st,GOLD,False,28
False,False,False,0,433,IV,Willipusy,GOLD,False,403
False,False,False,14,78,IV,NiggFrmDa Bloc,GOLD,False,82
False,True,False,49,302,IV,TrumpisWinn1ng,GOLD,True,309
False,False,False,26,77,IV,DumbFatIdiot,GOLD,True,69
False,False,False,58,29,IV,Tonvg,GOLD,False,39
False,False,False,10,53,IV,TaiwanMike,GOLD,False,61
False,False,False,0,59,IV,Kitty IRL,GOLD,False,40
False,False,False,0,9,IV,Aimer Ref rain,GOLD,False,15
False,False,False,2,202,IV,MyNameIsAdc,GOLD,True,188
False,False,False,92,80,IV,Bieredeble,PLATINUM,False,103
False,False,False,0,58,IV,StabNoob,PLATINUM,False,57
False,False,False,42,28,IV,Dorisf,PLATINUM,False,48
False,False,False,56,286,IV,cleborp100,PLATINUM,True,318
False,False,False,20,158,IV,dna replication,PLATINUM,True,168
False,False,False,24,108,IV,io xd420x69xd,PLATINUM,False,120
False,False,False,72,70,IV,llIIIIlllIIIIll,PLATINUM,False,99
False,False,False,0,62,IV,TheSe7en,PLATINUM,False,83
True,True,False,78,372,IV,sucka ma,PLATINUM,False,379
False,False,False,0,117,IV,very blind,PLATINUM,False,134
True,False,False,0,78,IV,SEASON8WOW,PLATINUM,False,102
False,False,False,2,132,IV,Daddykirky,PLATINUM,False,153
False,False,False,72,33,IV,Goodbye Freedom,PLATINUM,False,53
True,False,False,55,98,IV,FallenSkithiryx,PLATINUM,False,128
False,False,False,1,65,IV,7AU9,PLATINUM,True,58
False,False,False,1,55,IV,HoodiewitdaJ,PLATINUM,False,56
False,False,False,47,48,IV,0044,PLATINUM,False,66
False,False,False,34,71,IV,bootyvicious,PLATINUM,False,85
False,False,False,0,196,IV,AQueerWithAFork,PLATINUM,False,200
False,True,False,0,29,IV,heyyooohey,PLATINUM,False,39
False,False,False,72,25,IV,2wongs1white,PLATINUM,False,26
False,False,False,11,136,IV,KeRoRow,PLATINUM,False,143
False,False,False,61,171,IV,Rabbit sensitive,PLATINUM,False,218
False,False,False,11,83,IV,September7th,PLATINUM,False,71
False,False,False,100,44,IV,Ichigoismydaddy,PLATINUM,False,72
False,False,False,0,256,IV,Damaskos,PLATINUM,True,275
False,False,False,86,152,IV,Proud bronze 10,PLATINUM,False,168
False,True,False,50,148,IV,777Terrorblade,PLATINUM,True,159
False,False,False,75,193,IV,Hideinyourbed,PLATINUM,False,211
True,True,False,44,35,IV,SirAlonneKnight,PLATINUM,False,54
False,False,False,0,180,IV,Eric13,PLATINUM,False,177
False,False,False,58,256,IV,Sal000n ,PLATINUM,True,244
False,False,False,2,57,IV,siriyoon,PLATINUM,False,70
False,False,False,20,48,IV,WMWMWMWWMMMWMWMW,PLATINUM,False,66
True,False,False,0,42,IV,Rıot Panda,PLATINUM,False,70
True,True,False,0,105,IV,Kamorix,PLATINUM,False,133
True,False,False,16,514,IV,Cswelr,PLATINUM,False,528
False,False,False,0,97,IV,DragoFlames,PLATINUM,False,105
False,False,False,16,11,IV,Hide on ink,PLATINUM,False,36
False,True,False,52,82,IV,Iron Four Life,PLATINUM,False,88
False,False,False,12,41,IV,SKT JKiller121,PLATINUM,False,57
False,True,False,0,30,IV,Jeongin UwU,PLATINUM,False,55
False,False,False,45,39,IV,CarletonOttawa,PLATINUM,False,56
False,False,False,31,14,IV,Griffen Viper,PLATINUM,False,38
False,False,False,33,185,IV,Go ßeyond,PLATINUM,False,185
False,False,False,22,161,IV,kaieze,PLATINUM,False,182
True,True,False,0,261,IV,Flux Got Banned,PLATINUM,False,274
False,False,False,0,87,IV,Exentus,PLATINUM,False,101
False,False,False,0,204,IV,SSSunnyDay,PLATINUM,False,196
False,False,False,67,174,IV,76MM,PLATINUM,True,164
False,False,False,0,21,IV,bryenxd ,PLATINUM,False,22
False,False,False,42,39,IV,squishypigs,PLATINUM,False,67
False,False,False,94,104,IV,2NOM,PLATINUM,True,98
False,False,False,38,125,IV,1v9r,PLATINUM,False,142
False,False,False,77,27,IV,lost rat,PLATINUM,False,46
False,True,False,42,188,IV,Dont touch me,PLATINUM,False,174
True,False,False,45,71,IV,IPromoteBoobies,PLATINUM,False,129
False,False,False,39,63,IV,easy and 2asy,PLATINUM,True,95
True,False,False,15,286,IV,Cathys Right Tit,PLATINUM,False,298
False,False,False,0,37,IV,ManOflron,PLATINUM,False,42
False,False,False,0,218,IV,RivenorCamille,PLATINUM,False,225
False,False,False,59,232,IV,Moon88,PLATINUM,True,219
False,False,False,38,18,IV,Mc Zoi d Gato,PLATINUM,False,20
False,False,False,3,359,IV,eStarAstral,PLATINUM,False,404
False,False,False,14,32,IV,better jeans,PLATINUM,False,50
False,False,False,0,48,IV,hIeMarvin,PLATINUM,False,66
False,False,False,8,55,IV,BlackZed13,PLATINUM,False,72
True,False,False,13,44,IV,Quoquenbert,PLATINUM,False,62
False,False,False,68,77,IV,Swëët kïkïÿä ,PLATINUM,False,101
False,False,False,12,139,IV,Praise Dark Lord,PLATINUM,True,141
False,True,False,100,52,IV,Jµngłe,PLATINUM,False,75
False,False,False,52,47,IV,Player 420,PLATINUM,False,58
False,False,False,54,142,IV,Goyinator,PLATINUM,False,165
False,False,False,76,185,IV,Papa Smúrf,PLATINUM,True,185
False,False,False,81,28,IV,My Princess 77,PLATINUM,False,33
False,False,False,60,61,IV,Cólaa,PLATINUM,False,82
False,False,False,0,103,IV,InSomniã,PLATINUM,True,116
False,False,False,25,59,IV,livelyshadow,PLATINUM,False,71
False,False,False,76,132,IV,TzHaar Phrez,PLATINUM,False,138
False,False,False,75,73,IV,FireGirl OnFire,PLATINUM,False,47
False,False,False,86,231,IV,Sold5oul,PLATINUM,False,265
False,False,False,13,134,IV,BILIBILI GANBEI,PLATINUM,True,143
False,False,False,74,141,IV,Nanjee God,PLATINUM,False,157
True,False,False,2,379,IV,Dab Professor,PLATINUM,False,372
False,False,False,76,154,IV,KneeLowDong,PLATINUM,False,174
False,False,False,49,201,IV,91 Mrc,PLATINUM,True,186
False,False,False,83,245,IV,Dêstîny,PLATINUM,True,249
False,False,False,67,52,IV,old drvier,PLATINUM,False,74
False,False,False,52,9,IV,BANNED FOR INTIN,PLATINUM,False,15
False,False,False,31,29,IV,Vayny,PLATINUM,False,36
True,False,False,0,135,IV,Mewkey,PLATINUM,False,136
False,False,False,0,14,IV,Ùndefined,PLATINUM,False,35
True,False,False,26,41,IV,º o  º  º  o º ,PLATINUM,False,66
False,False,False,74,88,IV,Ivancwt223,PLATINUM,False,106
False,False,False,43,86,IV,ClimbinglsHard,PLATINUM,False,107
False,False,False,42,591,IV,Kannimane,PLATINUM,True,609
False,False,False,0,22,IV,LessSaltPlease,PLATINUM,False,47
False,False,False,0,177,IV,KancerKhan,PLATINUM,False,200
False,False,False,0,283,IV,LqRookie,PLATINUM,True,273
False,False,False,100,22,IV,OLLLLLLEEEEEH,PLATINUM,False,54
False,False,False,0,76,IV,SpaceDadHero,PLATINUM,False,112
False,False,False,0,36,IV,Anneth Smith,PLATINUM,False,43
False,False,False,0,151,IV,q8god,PLATINUM,False,201
False,False,False,31,110,IV,EU Kuwadi,PLATINUM,False,131
False,False,False,5,47,IV,Soliss Ascended,PLATINUM,False,41
False,False,False,0,51,IV,Agistri,PLATINUM,False,77
False,False,False,90,78,IV,97AccountsBanned,PLATINUM,True,89
False,False,False,0,51,IV,Leaving,PLATINUM,False,71
True,False,False,0,163,IV,Pyregent,PLATINUM,False,175
False,False,False,0,139,IV,Hunschback,PLATINUM,False,176
False,False,False,100,32,IV,LancasterLaundry,PLATINUM,False,39
False,False,False,59,94,IV,Offensive Ward,PLATINUM,True,85
False,False,False,19,107,IV,Mazorque,PLATINUM,False,136
False,False,False,0,113,IV,Top Need Help TY,PLATINUM,False,157
True,False,False,100,43,IV,Synox095,PLATINUM,False,65
False,False,False,18,198,IV,Vfy,PLATINUM,False,226
False,False,False,60,71,IV,Vitalles,PLATINUM,True,66
False,True,False,54,23,IV,CDI97,PLATINUM,False,45
False,False,False,66,173,IV,Fizz ln Her Ashe,PLATINUM,True,186
False,False,False,22,65,IV,KïngŽ,PLATINUM,False,94
False,False,False,68,78,IV,Failunoeuz,PLATINUM,True,72
False,False,False,100,4,IV,CrmsonFireKndred,PLATINUM,False,11
False,True,False,0,16,IV,Poutious,PLATINUM,False,33
False,False,False,77,5,IV,Ignorance1sbliss,PLATINUM,False,3
True,True,False,41,51,IV,BronzVTryndaMain,PLATINUM,False,64
False,False,False,69,24,IV,Silent Lucidity,PLATINUM,False,41
False,False,False,0,83,IV,3o3i3,PLATINUM,False,111
False,False,False,5,15,IV,Ugly Fat Yi,PLATINUM,False,11
False,False,False,42,18,IV,Beyond,PLATINUM,False,15
False,False,False,14,24,IV,Braga,PLATINUM,False,24
False,False,False,0,62,IV,ShiNNer ,PLATINUM,False,75
False,False,False,0,52,IV,god pIayer,PLATINUM,False,37
False,False,False,88,103,IV,ETQM Xuesheng,PLATINUM,False,117
False,False,False,2,256,IV,eve professor,PLATINUM,True,255
False,False,False,0,31,IV,ChampCatOrion,PLATINUM,False,39
True,False,False,96,89,IV,Best Fizz NA LUL,PLATINUM,False,103
False,False,False,0,30,IV,W1ndQAQ,PLATINUM,False,48
False,False,False,0,129,IV,xFDSK,PLATINUM,False,109
True,True,False,0,19,IV,Polaris Rayo,PLATINUM,False,27
False,False,False,100,40,IV,Bugzilla,PLATINUM,False,49
False,True,False,92,61,IV,Rhyntô1220,PLATINUM,False,70
False,False,False,76,76,IV,ASTROCHAD69,PLATINUM,False,82
False,False,False,0,213,IV,The Crit,PLATINUM,True,216
False,False,False,0,62,IV,pinkshark,PLATINUM,False,44
False,False,False,0,105,IV,Take a Sh0wer,PLATINUM,False,126
False,False,False,32,34,IV,file1g,PLATINUM,False,64
False,True,False,0,14,IV,Popold,PLATINUM,False,41
False,False,False,0,80,IV,soup snake,PLATINUM,False,82
True,False,False,1,155,IV,           lbZeD,PLATINUM,False,178
False,False,False,0,155,IV,Love play Zyra,PLATINUM,True,156
False,False,False,23,125,IV,Sharpest Blade,PLATINUM,True,143
False,False,False,0,204,IV,jeongbaelee,PLATINUM,False,231
False,False,False,62,77,IV,Pinapìneapple,PLATINUM,False,111
False,False,False,0,101,IV,jackeatsodepuss,PLATINUM,False,116
False,True,False,86,121,IV,Canadian1mpact,PLATINUM,False,144
False,False,False,13,458,IV,lazywuxie,PLATINUM,False,463
True,False,False,1,86,IV,TeRealPandaSteve,PLATINUM,False,117
False,False,False,57,51,IV,g word,PLATINUM,False,77
False,True,False,0,17,IV,Khatastrophic,PLATINUM,False,44
False,True,False,71,208,IV,Whoops Oneshot ,PLATINUM,True,228
False,False,False,60,336,IV,Yamakasu,PLATINUM,True,356
False,False,False,0,240,IV,lolloser23,PLATINUM,True,246
False,False,False,0,22,IV,im blackkkk,PLATINUM,False,44
False,False,False,78,16,IV,UKB LK,PLATINUM,False,50
False,False,False,0,41,IV,GTO Shade,PLATINUM,False,59
False,False,False,13,255,IV,hehe marta,PLATINUM,False,265
False,False,False,64,25,IV,MordekaiserSucks,PLATINUM,False,23
False,True,False,0,69,IV,Kyriee,PLATINUM,False,93
True,True,False,25,39,IV,Ultr4vi0lence,PLATINUM,False,61
False,False,False,17,189,IV,Timcarryou,PLATINUM,False,201
False,False,False,53,63,IV,Baddinho,PLATINUM,True,75
False,False,False,100,16,IV,TwitchDGTV,PLATINUM,False,25
False,False,False,72,88,IV,me no jay park,PLATINUM,False,136
False,False,False,0,33,IV,crown control,PLATINUM,False,56
False,False,False,0,15,IV,1 Yi 9,PLATINUM,False,18
False,False,False,47,79,IV,È R Í K,PLATINUM,False,100
False,False,False,47,29,IV,EnragedDemeanor,PLATINUM,False,44
False,False,False,50,21,IV,AlwaysSoNeutral,PLATINUM,False,28
False,False,False,70,3,IV,zxcvzoxciuvjopiu,PLATINUM,False,5
False,False,False,0,30,IV,Rip wgd20    ,PLATINUM,False,38
False,False,False,0,118,IV,Zairah,PLATINUM,False,138
False,True,False,45,161,IV,BIGJJ8B,PLATINUM,False,171
False,True,False,44,301,IV,Thehoboworier,PLATINUM,True,321
False,False,False,6,34,IV,ISISMORDEXDXDXD,PLATINUM,False,50
False,False,False,64,346,IV,Ai Chi La Tiao,PLATINUM,False,375
False,False,False,80,27,IV,PreschoolBully,PLATINUM,False,43
False,False,False,31,156,IV,MuayThaiLeeSiin,PLATINUM,False,185
False,False,False,75,139,IV,YouTube Premium,PLATINUM,False,163
False,False,False,63,58,IV,Ekko sucks lol,PLATINUM,True,52
False,False,False,0,137,IV,KT Jmeb,PLATINUM,False,155
False,False,False,35,217,IV,Wandering Monkey,PLATINUM,True,234
False,False,False,58,49,IV,Nexre,PLATINUM,False,50
False,False,False,0,36,IV,oddbaIIs,PLATINUM,False,60
False,False,False,18,12,IV,CivilGamer,PLATINUM,False,8
False,False,False,30,310,IV,B00neo,PLATINUM,True,341
False,False,False,36,91,IV,DONT SHlT ME,PLATINUM,False,120
False,True,False,100,21,IV,Challenger Riv,PLATINUM,False,31
False,False,False,37,116,IV,TerrorJunior,PLATINUM,False,135
True,False,False,81,47,IV,HanSolò,PLATINUM,False,68
False,False,False,75,101,IV,RexzCqEs,PLATINUM,True,120
False,False,False,0,268,IV,gateologist,PLATINUM,True,272
False,False,False,20,3,IV,s9 lmfao,PLATINUM,False,25
False,False,False,29,32,IV,DominickDominick,PLATINUM,False,55
False,False,False,13,55,IV,Penta uwu,PLATINUM,False,73
True,False,False,0,89,IV,Xmasyang,PLATINUM,False,99
False,True,False,61,90,IV,FufuxD,DIAMOND,False,124
False,False,False,0,117,IV,C0NCRETE JUNGLER,DIAMOND,False,139
False,False,False,2,124,IV,Violence Li,DIAMOND,False,171
False,False,False,49,66,IV,G O D R A V E N,DIAMOND,False,107
False,False,False,25,73,IV,Vieux Carre,DIAMOND,False,80
False,False,False,14,154,IV,Ryzeini,DIAMOND,False,159
False,False,False,0,216,IV,ForeverIronTier,DIAMOND,False,241
False,False,False,87,168,IV,nyannyancosplay,DIAMOND,True,195
False,False,False,75,70,IV,Meune,DIAMOND,False,89
False,False,False,58,208,IV,LANGUAGESUCKS,DIAMOND,True,209
False,False,False,91,474,IV,Doezzz,DIAMOND,True,458
False,True,False,48,36,IV,XyridiusReformed,DIAMOND,False,46
False,False,False,22,355,IV,SZ NO1 HUN,DIAMOND,True,405
False,True,False,0,248,IV,Orochimaru,DIAMOND,False,304
False,False,False,75,100,IV,HeartUnderI3lade,DIAMOND,False,154
False,False,False,0,430,IV,Legends never E,DIAMOND,True,464
False,False,False,10,92,IV,Raza,DIAMOND,False,94
False,False,False,88,570,IV,cocodashi,DIAMOND,True,573
False,False,False,0,272,IV,Turkish Clap ,DIAMOND,False,272
False,False,False,70,172,IV,Clapped ur girl,DIAMOND,True,177
False,True,False,66,47,IV,Cuck Destroyer,DIAMOND,False,96
False,True,False,0,334,IV,SoyPong,DIAMOND,False,398
False,False,False,21,4,IV,uoynaD,DIAMOND,False,18
False,False,False,0,32,IV,ppipicat,DIAMOND,False,63
False,False,False,60,135,IV,Daniel Imaicela,DIAMOND,False,165
False,False,False,0,118,IV,8IllIlIlIlID ooo,DIAMOND,True,112
False,False,False,62,62,IV,ıIIllIIllIIllIIı,DIAMOND,False,89
False,False,False,31,88,IV,Hanashiii,DIAMOND,False,103
False,False,False,28,81,IV,BiggestFLEXER NA,DIAMOND,False,88
False,False,False,0,33,IV,AirFax,DIAMOND,False,27
False,False,False,50,209,IV,Ccˉ,DIAMOND,True,228
False,False,False,24,71,IV,Lf Girlfriend92,DIAMOND,False,82
False,False,False,60,162,IV,Energia Positiva,DIAMOND,True,165
False,True,False,100,65,IV,2018 04 14,DIAMOND,False,81
False,False,False,0,153,IV,LANCË,DIAMOND,False,176
False,False,False,0,211,IV,CE Kai,DIAMOND,True,215
True,False,False,0,75,IV,Neebz,DIAMOND,False,96
False,False,False,5,135,IV,CaitlynSnowStorm,DIAMOND,False,172
False,False,False,0,248,IV,Rhadamanthys,DIAMOND,False,270
False,False,False,1,62,IV,SPONGEBOBFAN32,DIAMOND,False,58
False,False,False,74,79,IV,Rivolus,DIAMOND,False,120
False,False,False,0,77,IV,KLuqman1,DIAMOND,False,88
False,True,False,96,133,IV,Karieta,DIAMOND,True,169
False,False,False,42,314,IV,Return of Steve,DIAMOND,False,365
False,False,False,39,248,IV,Doctor HappyPon,DIAMOND,True,288
False,False,False,0,132,IV,BlTC0IN,DIAMOND,True,136
False,True,False,17,74,IV,Tyviana,DIAMOND,False,119
False,False,False,0,144,IV,MushroomStampped,DIAMOND,True,163
False,False,False,0,106,IV,Died In Alpha,DIAMOND,False,124
False,False,False,17,92,IV,PMA,DIAMOND,False,120
False,False,False,0,190,IV,Gemini Elf,DIAMOND,True,196
False,False,False,15,225,IV,Blackrabbitzero,DIAMOND,False,243
False,False,False,13,290,IV,Linear Algebra1,DIAMOND,False,287
False,False,False,97,111,IV,NorXie,DIAMOND,False,154
False,False,False,0,143,IV,Dïllï,DIAMOND,False,170
False,False,False,44,330,IV,Nviy,DIAMOND,True,368
False,True,False,0,32,IV,HUNDREDACREWOOD,DIAMOND,False,78
False,False,False,0,28,IV,Saintio,DIAMOND,False,62
False,False,False,30,69,IV,OEdwardalababyO,DIAMOND,False,96
False,False,False,3,230,IV,Riven008,DIAMOND,False,267
False,False,False,0,77,IV,FakerDreamTree,DIAMOND,False,113
False,False,False,76,322,IV,KewlKuiltingKlub,DIAMOND,True,355
False,False,False,0,75,IV,PinkShortsss,DIAMOND,False,126
False,True,False,32,84,IV,Xanopopo,DIAMOND,False,115
False,False,False,33,120,IV,shrimpey,DIAMOND,False,144
False,False,False,0,49,IV,1v9 ad carry,DIAMOND,False,64
False,False,False,75,203,IV,Enterdoki,DIAMOND,True,190
False,False,False,66,104,IV,Kamza,DIAMOND,False,134
True,False,False,51,19,IV,77baobao,DIAMOND,False,56
False,False,False,0,93,IV,MypIestory ,DIAMOND,False,116
False,False,False,6,80,IV,Super Elite,DIAMOND,False,112
False,False,False,71,68,IV,Happy2BHere,DIAMOND,False,88
False,False,False,2,67,IV,Take The Lantern,DIAMOND,False,93
False,False,False,25,299,IV,Cynicał,DIAMOND,True,345
False,False,False,35,54,IV,VelKoz Bot,DIAMOND,False,81
False,False,False,45,187,IV,daisy kid,DIAMOND,True,220
False,False,False,38,47,IV,IlIlIIllIlllI,DIAMOND,False,102
False,False,False,13,436,IV,InSaneEyeKing,DIAMOND,True,434
False,False,False,0,193,IV, Luna dial CR,DIAMOND,False,226
False,False,False,79,158,IV,Anh Hieu Kiaa2,DIAMOND,True,164
False,False,False,0,57,IV,Terrible PIayer,DIAMOND,False,112
False,False,False,40,445,IV,OneStarGeneral,DIAMOND,True,441
False,False,False,16,34,IV,Primacy,DIAMOND,False,52
False,False,False,13,220,IV,ILoveAnimeGirlz,DIAMOND,True,249
True,False,False,0,85,IV,Revenge4Harambe,DIAMOND,False,112
False,False,False,0,90,IV,Meshal Supports,DIAMOND,False,125
False,False,False,28,260,IV,SALE YOU,DIAMOND,False,315
False,False,False,72,52,IV,free guccin,DIAMOND,False,87
False,False,False,0,29,IV,LAWNMOWERRRRR,DIAMOND,False,27
False,False,False,31,51,IV,Kaori Miyazóno,DIAMOND,False,87
False,False,False,0,153,IV,Hyparagon,DIAMOND,False,161
False,False,False,3,209,IV,Shadow Of War,DIAMOND,True,241
False,False,False,30,26,IV,SHUTupetSQUAT,DIAMOND,False,44
False,False,False,0,58,IV,ske4G4342fsd,DIAMOND,False,47
False,False,False,0,101,IV,LOLgotSued,DIAMOND,False,141
False,False,False,60,135,IV,Phoenyx3,DIAMOND,True,169
False,False,False,24,9,IV,Prince Ojo,DIAMOND,False,17
False,False,False,0,47,IV,Grandpapa Olaf ,DIAMOND,False,83
False,False,False,53,204,IV,PSG Mbappe,DIAMOND,True,210
False,False,False,25,209,IV,washedlikeme,DIAMOND,False,227
False,True,False,0,97,IV,u6b47y54bv2yt4rf,DIAMOND,False,127
False,False,False,26,42,IV,trick fanboy,DIAMOND,False,52
False,False,False,45,279,IV,HîGoSu,DIAMOND,True,323
False,False,False,18,31,IV,iBcHobart,DIAMOND,False,65
True,False,False,2,181,IV,54 6f 78 69 63 ,DIAMOND,False,224
False,False,False,14,98,IV,Pulhu,DIAMOND,False,129
False,False,False,0,20,IV,pranape,DIAMOND,False,56
False,False,False,0,259,IV,Behind Light,DIAMOND,False,251
False,False,False,14,208,IV,Jamieelala,DIAMOND,False,230
False,True,False,57,163,IV,ookami 0v0,DIAMOND,False,196
False,False,False,51,152,IV,jenníé,DIAMOND,True,179
False,False,False,23,79,IV,IVAN IS SH1T,DIAMOND,False,112
False,False,False,9,44,IV,uwu cutie ,DIAMOND,False,78
False,False,False,25,194,IV,keonu2 twitchtv,DIAMOND,False,234
False,False,False,85,19,IV,jngIer,DIAMOND,False,62
False,True,False,50,896,IV,Leara,DIAMOND,True,901
True,False,False,0,461,IV,arbit foeva,DIAMOND,False,459
True,False,False,54,84,IV,Yónsi,DIAMOND,False,128
False,False,False,75,42,IV,Khanqwest,DIAMOND,False,91
False,False,False,27,230,IV,StyleBenderlol,DIAMOND,True,237
False,False,False,0,67,IV,1324354321,DIAMOND,False,95
False,False,False,26,12,IV,HendyGod,DIAMOND,False,47
False,False,False,42,35,IV,CuteSupportGirl,DIAMOND,False,73
False,False,False,0,225,IV,IG Carter,DIAMOND,True,251
False,False,False,28,59,IV,Your Agony,DIAMOND,False,84
True,False,False,82,2,IV,TCLB Humzh,DIAMOND,False,41
False,False,False,77,146,IV,Poubelleter,DIAMOND,True,187
False,True,False,100,248,IV,BBoommBBoomm,DIAMOND,True,271
False,False,False,82,199,IV,Diana Griefer ,DIAMOND,True,223
False,False,False,68,28,IV,bookstore,DIAMOND,False,74
False,False,False,62,146,IV,DoubleNihg,DIAMOND,False,135
False,True,False,0,150,IV,Hangry x Hangry,DIAMOND,False,190
False,False,False,77,317,IV,Information Age,DIAMOND,False,339
True,False,False,16,67,IV,Been Torqued,DIAMOND,False,111
False,False,False,75,88,IV,Plizak1,DIAMOND,False,121
False,False,False,63,155,IV,InfoWarsRealNews,DIAMOND,False,171
True,False,False,0,73,IV,Rena Kudo,DIAMOND,False,117
False,False,False,92,148,IV,alexgoat,DIAMOND,True,182
False,False,False,30,67,IV,Dont Fart Here,DIAMOND,False,95
False,False,False,73,104,IV,GiveReasons,DIAMOND,False,126
False,False,False,1,54,IV,0xdc,DIAMOND,False,64
False,True,False,100,165,IV,Nino Nakanoˇ,DIAMOND,True,220
False,False,False,21,195,IV,IzayoiSakuya719,DIAMOND,False,243
False,False,False,0,22,IV,MANIACAL PLAYER,DIAMOND,False,56
False,False,False,5,116,IV,Strawberry Latte,DIAMOND,False,127
False,False,False,13,171,IV,T7 Shafty,DIAMOND,False,210
False,False,False,40,92,IV,Aimbird,DIAMOND,False,118
False,False,False,78,56,IV,SX 6 3 2k19,DIAMOND,False,98
False,False,False,56,99,IV,yuxianga,DIAMOND,False,97
False,True,False,43,325,IV,aıne,DIAMOND,False,373
False,False,False,0,86,IV,Bart O Kavanaugh,DIAMOND,False,110
True,False,False,32,345,IV,LuluTop69,DIAMOND,False,367
False,False,False,37,169,IV,Dndisturb,DIAMOND,False,163
False,True,False,75,64,IV,goodnight 301,DIAMOND,False,116
False,False,False,0,87,IV,Zhìhéng,DIAMOND,False,121
False,False,False,67,246,IV,NevrLuckyy,DIAMOND,True,278
True,False,False,22,100,IV,Profoundsoup,DIAMOND,False,149
False,True,False,60,218,IV,Kindnessˉ,DIAMOND,False,221
True,True,False,50,54,IV,jeremy sida,DIAMOND,False,103
False,False,False,72,222,IV,pib is King,DIAMOND,True,237
False,False,False,0,106,IV,We Wendys Dude,DIAMOND,False,120
False,False,False,0,90,IV,UrGirlsDreamBoy,DIAMOND,False,106
False,False,False,0,84,IV,ClifflN,DIAMOND,False,122
False,False,False,0,150,IV,brianhealsyou,DIAMOND,False,193
False,False,False,20,49,IV,FLØCKA,DIAMOND,False,45
False,False,False,10,101,IV,Fiora Ahega0,DIAMOND,False,129
True,True,False,0,79,IV,gXLinda,DIAMOND,False,133
False,False,False,41,62,IV,Immersive AF,DIAMOND,False,98
False,False,False,18,227,IV,SpIashy,DIAMOND,True,218
False,False,False,6,39,IV,TwTv BIanksterz,DIAMOND,False,69
True,True,False,50,387,IV,Arkeryy,DIAMOND,False,446
False,False,False,0,198,IV,Midn1ghtShade,DIAMOND,True,219
False,False,False,47,45,IV,PVPP3T,DIAMOND,False,87
False,True,False,91,77,IV,Warforus,DIAMOND,False,115
False,False,False,91,73,IV,JamesonGinger,DIAMOND,False,109
False,False,False,0,112,IV,SorakaTopOnly,DIAMOND,False,163
False,False,False,85,184,IV,reomoi,DIAMOND,True,217
False,False,False,15,170,IV,canigetauhhhhhh,DIAMOND,False,212
False,False,False,19,104,IV,Konoaikoso Seigi,DIAMOND,False,140
False,True,False,0,44,IV,WoodrowcC,DIAMOND,False,85
False,False,False,43,209,IV,Boy1ChampDarrysˆ,DIAMOND,False,251
False,True,False,0,32,IV,bunny pow pow,DIAMOND,False,71
False,False,False,0,65,IV,Crioptic,DIAMOND,False,67
False,False,False,26,109,IV,llllllllIllIl,DIAMOND,True,141
False,False,False,61,358,IV,Susans ViJanna,DIAMOND,True,394
False,True,False,63,37,IV,you are dog hah,DIAMOND,False,78
False,False,False,47,114,IV,GigaP,DIAMOND,False,144
False,False,False,28,187,IV,Alexandra Anna,DIAMOND,True,221
False,False,False,81,58,IV,Jeon Woong,DIAMOND,False,99
False,False,False,35,74,IV,opgg me losers,DIAMOND,False,111
False,True,False,67,147,IV,HeelyWheeIy,DIAMOND,True,200
False,False,False,45,198,IV,TouchFish Player,DIAMOND,False,233
False,False,False,0,32,IV,03 23 200,DIAMOND,False,27
False,False,False,21,14,IV,im not somang,DIAMOND,False,27
False,True,False,51,111,IV,gin pal,DIAMOND,True,138
False,False,False,0,49,IV,Zurstalich,DIAMOND,False,60
True,True,False,0,53,IV,itsGAYtime,DIAMOND,False,97
False,False,False,0,31,IV,Loli Janna,DIAMOND,False,44
False,False,False,0,17,IV,Kami Naiif,DIAMOND,False,48
False,True,False,0,82,IV,Muajisnow,DIAMOND,False,125
False,False,False,12,73,IV,Farewell Friends,DIAMOND,False,76
False,False,False,60,39,IV,50 Shades o FIay,DIAMOND,False,75
False,True,False,53,123,IV,SANFORDTWRCON334,DIAMOND,False,158
False,False,False,35,303,IV,LHS senior ,DIAMOND,True,336
False,False,False,15,188,IV,Fr0mTheSwamp,DIAMOND,False,218
